name,price,image,date
"Apple iPhone 11, 64GB, Black - Unlocked (Renewed)",200,"<img src=""https://m.media-amazon.com/images/I/31PpUfTCiFL._AC_UY218_.jpg"" width=""60"">",2023012121
"Apple iPhone 12, 64GB, Green - Unlocked (Renewed Premium)",200,"<img src=""https://m.media-amazon.com/images/I/51ugi3mMBgL._AC_UY218_.jpg"" width=""60"">",2023012121
"Apple iPhone 11 Pro, US Version, 256GB, Space Gray - Unlocked (Renewed)",200,"<img src=""https://m.media-amazon.com/images/I/61n+UgO3jrL._AC_UY218_.jpg"" width=""60"">",2023012121
"Apple iPhone 12 Pro, 128GB, Pacific Blue - Fully Unlocked (Renewed)",200,"<img src=""https://m.media-amazon.com/images/I/71z4b3G3GAL._AC_UY218_.jpg"" width=""60"">",2023012121
"Apple iPhone X, US Version, 64GB, Silver - Unlocked (Renewed)",200,"<img src=""https://m.media-amazon.com/images/I/81SSw14XZHL._AC_UY218_.jpg"" width=""60"">",2023012121
"Apple iPhone 11 Pro Max, 64GB, Midnight Green - Unlocked (Renewed Premium)",200,"<img src=""https://m.media-amazon.com/images/I/71yIGykJFNS._AC_UY218_.jpg"" width=""60"">",2023012121
"Apple iPhone 12, 256GB, Black - Unlocked (Renewed Premium)",200,"<img src=""https://m.media-amazon.com/images/I/71Q0E2DYf2L._AC_UY218_.jpg"" width=""60"">",2023012121
"Apple iPhone XS, US Version, 256GB, Space Gray - Unlocked (Renewed)",200,"<img src=""https://m.media-amazon.com/images/I/61xa10dafvL._AC_UY218_.jpg"" width=""60"">",2023012121
"Apple iPhone 12 Pro Max, 512GB, Graphite - Unlocked (Renewed Premium)",200,"<img src=""https://m.media-amazon.com/images/I/61l3+VGfj2L._AC_UY218_.jpg"" width=""60"">",2023012121
"Apple iPhone 12 Pro Max, 128GB, Silver - Unlocked (Renewed Premium)",200,"<img src=""https://m.media-amazon.com/images/I/61AhDuc-qbL._AC_UY218_.jpg"" width=""60"">",2023012121
"Apple iPhone 12 Pro, 128GB, Pacific Blue - Unlocked (Renewed Premium)",200,"<img src=""https://m.media-amazon.com/images/I/712yl2wTDbL._AC_UY218_.jpg"" width=""60"">",2023012121
"iPhone 13 Pro Max, 256GB, Sierra Blue - Unlocked (Renewed Premium)",200,"<img src=""https://m.media-amazon.com/images/I/61i8Vjb17SL._AC_UY218_.jpg"" width=""60"">",2023012121
"Apple iPhone 12 Pro Max, 128GB, Pacific Blue - Unlocked (Renewed Premium)",200,"<img src=""https://m.media-amazon.com/images/I/71FuI8YvCNL._AC_UY218_.jpg"" width=""60"">",2023012121
"iPhone 13 Mini, 512GB, Product Red - Unlocked (Renewed Premium)",200,"<img src=""https://m.media-amazon.com/images/I/61VByDni+vL._AC_UY218_.jpg"" width=""60"">",2023012121
"Apple iPhone 12 Pro Max, 128GB, Pacific Blue - Fully Unlocked (Renewed)",200,"<img src=""https://m.media-amazon.com/images/I/41ZCg7l8N6L._AC_UY218_.jpg"" width=""60"">",2023012121
"Total by Verizon iPhone 11, 64GB, Black - Prepaid Smartphone (Locked)",200,"<img src=""https://m.media-amazon.com/images/I/41CYvvlV6HL._AC_UY218_.jpg"" width=""60"">",2023012121
"ACKETBOX for iPhone 13 Case with Glass Screen Protector and Camera Lens Protector, Flower Pattern Design for Women and Girls, Full Body Protective Cover for iPhone 13 6.1 inch 2021 (Flowers)",200,"<img src=""https://m.media-amazon.com/images/I/713hBuxPIiL._AC_UY218_.jpg"" width=""60"">",2023012121
"Baseus USB C Charger, 140W Wall Charger PD 3.1 with 3.3ft USB C to C Cable, 3-Port GaN5 Charger for Laptops, iPad, iPhone 14/13 Series, Galaxy, MacBook Pro 16'', Steam Deck, Black",200,"<img src=""https://m.media-amazon.com/images/I/61vcSsLzKkL._AC_UY218_.jpg"" width=""60"">",2023012121
"Apple iPhone 12 Pro, 512GB, Pacific Blue - Unlocked (Renewed Premium)",200,"<img src=""https://m.media-amazon.com/images/I/712yl2wTDbL._AC_UY218_.jpg"" width=""60"">",2023012121
"Apple iPhone 12 Pro Max, 128GB, Gold - Unlocked (Renewed Premium)",200,"<img src=""https://m.media-amazon.com/images/I/31DXs7b1j2L._AC_UY218_.jpg"" width=""60"">",2023012121
"iPhone 13 Pro, 256GB, Gold - Unlocked (Renewed Premium)",200,"<img src=""https://m.media-amazon.com/images/I/61sDyXAepuL._AC_UY218_.jpg"" width=""60"">",2023012121
"Apple iPhone 12 Mini, 128GB, Green - Unlocked (Renewed Premium)",200,"<img src=""https://m.media-amazon.com/images/I/71QsI6eKS5L._AC_UY218_.jpg"" width=""60"">",2023012121
"Apple iPhone 12 Pro, 256GB, Pacific Blue - Unlocked (Renewed Premium)",200,"<img src=""https://m.media-amazon.com/images/I/712yl2wTDbL._AC_UY218_.jpg"" width=""60"">",2023012121
"Apple iPhone XR, 64GB, Black - Unlocked (Renewed)",200,"<img src=""https://m.media-amazon.com/images/I/717KHGCJ6eL._AC_UY218_.jpg"" width=""60"">",2023012121
"Apple iPhone 8, US Version, 64GB, Space Gray - Unlocked (Renewed)",200,"<img src=""https://m.media-amazon.com/images/I/71aOr1CuM1L._AC_UY218_.jpg"" width=""60"">",2023012121
"Apple iPhone SE 2nd Generation, US Version, 64GB, Black - Unlocked (Renewed)",200,"<img src=""https://m.media-amazon.com/images/I/813ovO0PGGL._AC_UY218_.jpg"" width=""60"">",2023012121
"Apple iPhone 13 Pro Max, 1TB, Silver - Unlocked (Renewed)",200,"<img src=""https://m.media-amazon.com/images/I/51ysuS9QwTL._AC_UY218_.jpg"" width=""60"">",2023012121
"Apple iPhone SE 3rd Gen, 64GB, Midnight - Unlocked (Renewed)",200,"<img src=""https://m.media-amazon.com/images/I/61TOWf11+jL._AC_UY218_.jpg"" width=""60"">",2023012121
"Apple iPhone XS Max, US Version, 64GB, Space Gray - Unlocked (Renewed)",200,"<img src=""https://m.media-amazon.com/images/I/71LVhKIeesL._AC_UY218_.jpg"" width=""60"">",2023012121
"Apple iPhone 13, 128GB, Midnight - Unlocked (Renewed)",200,"<img src=""https://m.media-amazon.com/images/I/61BUt5ZErdL._AC_UY218_.jpg"" width=""60"">",2023012121
"Apple iPhone 14, 128GB, Blue - Unlocked (Renewed)",200,"<img src=""https://m.media-amazon.com/images/I/61bK6PMOC3L._AC_UY218_.jpg"" width=""60"">",2023012121
Samsung Electronics Galaxy Note 20 5G Unlocked Android Cell Phone | US Version | 128GB of Storage | Mobile Gaming Smartphone | Long-Lasting Battery | Mystic Gray (Renewed),200,"<img src=""https://m.media-amazon.com/images/I/61FHIXy334L._AC_UY218_.jpg"" width=""60"">",2023012121
Razr 5G | Unlocked| Made for US by Motorola | 8/256GB | 48MP Camera | 2020 | Blush Gold,200,"<img src=""https://m.media-amazon.com/images/I/616heU5ABBL._AC_UY218_.jpg"" width=""60"">",2023012121
"TCL 30XL |2022| Unlocked Cell Phone, 6.82 inch Vast Display, 5000mAh Battery, Android 12 Smartphone, 50MP AI Quad-Camera, 6GB RAM + 64GB ROM, US Version, Dual Speaker, Night Mist (No Sprint/Boost)",200,"<img src=""https://m.media-amazon.com/images/I/71uG3rCr0kL._AC_UY218_.jpg"" width=""60"">",2023012121
"TCL 30 SE |2022| Unlocked Cell Phone 4+128GB, 6.52'' Android Phone GSM Unlocked Smartphone with 50MP Camera, 5000mAh, Single SIM, US Version, Space Gray(Not Support Verizon/Boost/Sprint/5G/NFC)",200,"<img src=""https://m.media-amazon.com/images/I/71qt7TvV2hL._AC_UY218_.jpg"" width=""60"">",2023012121
SAMSUNG Galaxy S9+ Factory Unlocked Smartphone 64GB - Midnight Black,200,"<img src=""https://m.media-amazon.com/images/I/81VnTSgQgQL._AC_UY218_.jpg"" width=""60"">",2023012121
"Apple iPhone 11, 64GB, White - Unlocked (Renewed Premium)",200,"<img src=""https://m.media-amazon.com/images/I/613KzeDTHrS._AC_UY218_.jpg"" width=""60"">",2023012121
"Dilwe1 i12 Pro MAX Unlocked Smartphone, 6.26in HD Bang Screen Mobile Phone, 1+8G Dual Sim Cell Phone with Free 128G Memory Card for Android 10.0 Gold(US)",200,"<img src=""https://m.media-amazon.com/images/I/717jfWIn6tL._AC_UY218_.jpg"" width=""60"">",2023012121
"Mini Smartphone iLight 11 Pro The World's Smallest 11 Pro Android Mobile Phone, Super Small Micro 2.5"" Touch Screen Global Unlocked Great for Kids 1GB RAM / 8GB ROM Tiny iPhone XI Pro Look Alike",200,"<img src=""https://m.media-amazon.com/images/I/51aGOonIzSS._AC_UY218_.jpg"" width=""60"">",2023012121
"Apple iPhone 12 Pro, 128GB, Gold - Unlocked (Renewed Premium)",200,"<img src=""https://m.media-amazon.com/images/I/711PvTS05pL._AC_UY218_.jpg"" width=""60"">",2023012121
"Apple iPhone 12 Pro Max, 128GB, Graphite - Unlocked (Renewed Premium)",200,"<img src=""https://m.media-amazon.com/images/I/61l3+VGfj2L._AC_UY218_.jpg"" width=""60"">",2023012121
"redmi Xiaomi Note 10 Pro MAX 4G Volte 128GB + 6GB Factory Unlocked 6.67"" 108MP Quad Camera Night Mode (not Verizon Sprint Boost Cricket) (w/Fast Car Charger Bundle) (Dark Night)",200,"<img src=""https://m.media-amazon.com/images/I/81Vpy0XrvFL._AC_UY218_.jpg"" width=""60"">",2023012121
"Apple iPhone 12 Mini, 64GB, Red - Unlocked (Renewed Premium)",200,"<img src=""https://m.media-amazon.com/images/I/71Qp1zeNMCL._AC_UY218_.jpg"" width=""60"">",2023012121
"Apple iPhone 12 Pro, 256GB, Graphite - Unlocked (Renewed Premium)",200,"<img src=""https://m.media-amazon.com/images/I/61kYwdMmD-L._AC_UY218_.jpg"" width=""60"">",2023012121
"iP13 Pro MAX Unlocked Smartphone, 6.1in 3GB 32GB Face ID Cell Phone Unlocked for Android 6.0, MT6799 10 Core,Dual SIM, 5MP 8MP Dual Camera, 2800mAh Mobile Phone Support 128GB Expandable(Light Blue)",200,"<img src=""https://m.media-amazon.com/images/I/71RJTXT9JfL._AC_UY218_.jpg"" width=""60"">",2023012121
"Samsung Galaxy A02s Smartphone, 32GB Storage, Factory Unlocked - Black (Renewed)",200,"<img src=""https://m.media-amazon.com/images/I/61upc4T9AHS._AC_UY218_.jpg"" width=""60"">",2023012121
BLU G91 Pro | 2022 | 3-Day Battery | Unlocked | 6.7” Full HD+ Display | 128GB | 48MP Quad Camera | US Version | US Warranty | Moonstone,200,"<img src=""https://m.media-amazon.com/images/I/81Tk2hFTxZS._AC_UY218_.jpg"" width=""60"">",2023012121
"redmi Xiaomi Note 10 Pro 4G Volte 128GB + 6GB Factory Unlocked 6.67"" 64MP Quad Camera Night Mode (not Verizon Sprint Boost Cricket) (w/Fast Car Charger Bundle) (Glacial Blue)",200,"<img src=""https://m.media-amazon.com/images/I/81nndQAg2nL._AC_UY218_.jpg"" width=""60"">",2023012121
Moto G Stylus | 2022 | 2-Day battery | Unlocked| Made for US by Motorola | 6/128GB | 50MP Camera | Twilight Blue,200,"<img src=""https://m.media-amazon.com/images/I/612yrAXpo-L._AC_UY218_.jpg"" width=""60"">",2023012121
IPhone 13 Glass screen phone protector Bubbles Free Temper Glass Pack of 3 glass units Placement aligner frame and Placement set,200,"<img src=""https://m.media-amazon.com/images/I/61pJe-MB0CL._AC_UY218_.jpg"" width=""60"">",2023012121
Status Between Pro True Wireless Earbuds w/Charging Case - Built-in 4 Microphones - Hybrid Triple Driver - 12 + 36 Hour Battery - Bluetooth 5.2 - Noise-Isolating Fit - Metal Exterior,200,"<img src=""https://m.media-amazon.com/images/I/61FpcFsTg6L._AC_UY218_.jpg"" width=""60"">",2023012121
"SAMSUNG Galaxy A03s Cell Phone, Factory Unlocked Android Smartphone, 32GB, 3 Camera Lenses, Infinity Display Screen, Long Battery Life, Expandable Storage, US Version, Black",200,"<img src=""https://m.media-amazon.com/images/I/61Dy9hZJ4ML._AC_UY218_.jpg"" width=""60"">",2023012121
"Apple iPhone 13 Pro, 128GB, Graphite - Unlocked (Renewed)",200,"<img src=""https://m.media-amazon.com/images/I/51UtM-A3fdL._AC_UY218_.jpg"" width=""60"">",2023012121
"UMIDIGI Cell Phone G1, Android12 Unlocked Cell Phone, Dual Sim 4G LTE Mobile Phone, 2+32GB 256G Expandable, 6.52"" HD+, 5150mAh, GSM Unlocked",200,"<img src=""https://m.media-amazon.com/images/I/71V-RjMmSBL._AC_UY218_.jpg"" width=""60"">",2023012121
"Apple iPhone 12 Pro, 128GB, Graphite - Unlocked (Renewed Premium)",200,"<img src=""https://m.media-amazon.com/images/I/715X4Evl75L._AC_UY218_.jpg"" width=""60"">",2023012121
TracFone LG Reflect LTE Prepaid Smartphone (Locked) - Black - 32GB - Sim Card Included - CDMA,200,"<img src=""https://m.media-amazon.com/images/I/71pwh0+DGQL._AC_UY218_.jpg"" width=""60"">",2023012121
Thuraya satellite Satsleeve + (Plus) for Smartphones iPhone Android,200,"<img src=""https://m.media-amazon.com/images/I/71PYF4sosEL._AC_UY218_.jpg"" width=""60"">",2023012121
"SAMSUNG Galaxy S20 FE 5G Cell Phone, Factory Unlocked Android Smartphone, 128GB, Pro Grade Camera, 30X Space Zoom, Night Mode, US Version, Cloud Mint Green",200,"<img src=""https://m.media-amazon.com/images/I/712iry8nIYL._AC_UY218_.jpg"" width=""60"">",2023012121
"Samsung Galaxy S10+, 128GB, Prism White - T-Mobile (Renewed)",200,"<img src=""https://m.media-amazon.com/images/I/51QcNhMe3KL._AC_UY218_.jpg"" width=""60"">",2023012121
"OnePlus 8 Pro Ultramarine Blue, 5G Unlocked Android Smartphone U.S Version, 12GB RAM+256GB Storage, 120Hz Fluid Display,Quad Camera, Wireless Charge, with Alexa Built-in",200,"<img src=""https://m.media-amazon.com/images/I/61aUMkEzbRL._AC_UY218_.jpg"" width=""60"">",2023012121
"Apple iPhone 13 Mini, 128GB, Midnight - Unlocked (Renewed)",200,"<img src=""https://m.media-amazon.com/images/I/51nGxi-shlL._AC_UY218_.jpg"" width=""60"">",2023012121
"TCL 10L, Unlocked Android Smartphone, 256GB+6GB RAM Android Phone,6.53"" FHD Cell Phone, 48MP Quad Rear Camera System, 4000mAh Verizon Phone Mobile Phone Large Storage, Arctic White",200,"<img src=""https://m.media-amazon.com/images/I/61muVHB96cS._AC_UY218_.jpg"" width=""60"">",2023012121
"TCL 20 SE 6.82"" Unlocked Cellphone, 4GB RAM + 128GB ROM, US Version Android Smartphone 48MP AI Quad-Camera, 5000mAh Mobile Phone, Dual Speaker, OTG Reverse Charging, Android 11, Nuit Black",200,"<img src=""https://m.media-amazon.com/images/I/61Bdvki2cqS._AC_UY218_.jpg"" width=""60"">",2023012121
"TCL 30XL |2022| Unlocked Cell Phone, 6.82 inch Vast Display, 5000mAh Battery, Android 12 Smartphone, 50MP AI Quad-Camera, 6GB RAM + 64GB ROM, US Version, Dual Speaker, Night Mist (No Sprint/Boost)",200,"<img src=""https://m.media-amazon.com/images/I/71uG3rCr0kL._AC_UY218_.jpg"" width=""60"">",2023012121
NUU B15 | 3-Day Battery | 48 MP | Quad-Camera | Unlocked (T-Mobile Only) | 6.78'' Full HD+ Display | 128GB | 90Hz | 18W Fast Charge | 5000 mAh | Fingerprint | Android 11 | Black,200,"<img src=""https://m.media-amazon.com/images/I/61G+DfE1kNL._AC_UY218_.jpg"" width=""60"">",2023012121
"Simple Mobile BLU View 2, 32GB, Black - Prepaid Smartphone (Locked)",200,"<img src=""https://m.media-amazon.com/images/I/614MpQ2+ODL._AC_UY218_.jpg"" width=""60"">",2023012121
"VGGNUU iPhone 14 Pro Max Case [IP68 Waterproof] with Built-in Screen Protector, Magnetic Full Body Underwater Dustproof Shockproof Rugged Heavy Duty Protection Phone Cover for iPhone 14 Pro Max",200,"<img src=""https://m.media-amazon.com/images/I/71BICs+plFL._AC_UY218_.jpg"" width=""60"">",2023012121
"Razstorm Unique Design Luxury Leather Business Phone Case for iPhone 14 Anti-Slip Scratch Resistant Ultra Slim Protective Case (2022,6.1”) (Brown)",200,"<img src=""https://m.media-amazon.com/images/I/91N5Akr9s-L._AC_UY218_.jpg"" width=""60"">",2023012121
"Apple iPhone 12 Mini, 256GB, Green - Unlocked (Renewed Premium)",200,"<img src=""https://m.media-amazon.com/images/I/71SgavkGSML._AC_UY218_.jpg"" width=""60"">",2023012121
"TracFone BLU View 2 (2022) 4G LTE, 32GB, Sim Card Included, Black - Prepaid Smartphone (Locked)",200,"<img src=""https://m.media-amazon.com/images/I/61qTWOAsIPL._AC_UY218_.jpg"" width=""60"">",2023012121
"Apple iPhone 12 Mini, 128GB, Blue - Unlocked (Renewed Premium)",200,"<img src=""https://m.media-amazon.com/images/I/718tXCSqmOL._AC_UY218_.jpg"" width=""60"">",2023012121
"iP14 Pro Max Unlocked Smartphone for Android 11, 6.1"" Unlocked Cell Phone, FHD Face ID 4GB 64GB 128GB Expansion, Dual SIM, 4000mAh, 8MP 16MP Dual Camera, T Mobile,for Verizon Supported(White)",200,"<img src=""https://m.media-amazon.com/images/I/71sWVYmpkhL._AC_UY218_.jpg"" width=""60"">",2023012121
"Unlocked Smartphones, Blackview A55 Pro, 7GB+64GB/SD 1TB Expandable Phone, 4780mAh 4G Dual SIM Unlocked Cell Phone, 6.5"" HD+ Android Phone, 13MP+5MP Camera,Android 11 OS/Fingerpinrt/Face ID Cell Phone",200,"<img src=""https://m.media-amazon.com/images/I/71ToTCWZg4L._AC_UY218_.jpg"" width=""60"">",2023012121
"Samsung Galaxy Note 8, 64GB, Orchid Gray - Fully Unlocked (Renewed)",200,"<img src=""https://m.media-amazon.com/images/I/31T4EfVLRbL._AC_UY218_.jpg"" width=""60"">",2023012121
"Apple iPhone 12, 64GB, Blue - Unlocked (Renewed Premium)",200,"<img src=""https://m.media-amazon.com/images/I/7117DN7UkKL._AC_UY218_.jpg"" width=""60"">",2023012121
"Xiaomi Mi 11 Lite NE 5G + 4G LTE Volte Global Unlocked GSM 64MP Triple Camera Worldwide GSM w/Fast Car Charger (Bubblegum Blue, 128GB+6GB)",200,"<img src=""https://m.media-amazon.com/images/I/61bGzc7joXL._AC_UY218_.jpg"" width=""60"">",2023012121
"NUU A10L | Unlocked 4G LTE Smartphone | 5.5"" Display | 16GB + 2GB RAM | 2500 mAh Battery | Android 12 Go Edition | Compatible with T-Mobile",200,"<img src=""https://m.media-amazon.com/images/I/61YXfmsaJnL._AC_UY218_.jpg"" width=""60"">",2023012121
"Samsung Galaxy Cellphone - S10 AT&T Factory Unlock (Black, 128GB)",200,"<img src=""https://m.media-amazon.com/images/I/713Qi2wzAML._AC_UY218_.jpg"" width=""60"">",2023012121
"OnePlus Nord N200 | 5G Unlocked Android Smartphone U.S Version | 6.49"" Full HD+LCD Screen | 90Hz Smooth Display | Large 5000mAh Battery | Fast Charging | 64GB Storage | Triple Camera,Blue Quantum",200,"<img src=""https://m.media-amazon.com/images/I/71DCZOdq92S._AC_UY218_.jpg"" width=""60"">",2023012121
"Samsung Galaxy S20 FE 5G, 128GB, Cloud Navy - T-Mobile (Renewed)",200,"<img src=""https://m.media-amazon.com/images/I/81+dh2KUhUL._AC_UY218_.jpg"" width=""60"">",2023012121
"Xiaomi Redmi Note 8 Pro Smartphone, 6 GB + 64 GB, Blu (Ocean Blue)",200,"<img src=""https://m.media-amazon.com/images/I/61ykl4wsysL._AC_UY218_.jpg"" width=""60"">",2023012121
"Vbestlife IP12 PRO Unlocked Android Smartphone,6.26in Waterdrop Full Screen Dual SIM Cell Phone,Ultra Thin Mobile Phone Supports Face Fingerprint Unlocking,Quad Core CPU,Triple Rear Camera Black",200,"<img src=""https://m.media-amazon.com/images/I/61cloU1kQoL._AC_UY218_.jpg"" width=""60"">",2023012121
"SAMSUNG Galaxy Z Fold 4 Cell Phone, Factory Unlocked Android Smartphone, 512GB, Flex Mode, Hands Free Video, Multi Window View, Foldable Display, S Pen Compatible, US Version, Gray Green",200,"<img src=""https://m.media-amazon.com/images/I/71a87teD1KL._AC_UY218_.jpg"" width=""60"">",2023012121
"Unlocked Cell Phone, 6.39"" HD+ screen, full glass appearance design, Android 11 Unlocked Smartphone 4GB+64GB/ 256GB expandable 21MP camera 4000mAH battery 4G dual analog face/fingerprint ID OTG",200,"<img src=""https://m.media-amazon.com/images/I/61AuJ0uPtQS._AC_UY218_.jpg"" width=""60"">",2023012121
